Pulse.Type,Method,perc.accuracy
R,SVM,82.94573643
I,SVM,66.37168142
S,SVM,81.78294574
R,AV,94.40295587
I,AV,75.24154589
S,AV,90.6848659